City_ID,City,Country,Lat,Lng,Max Temp,Humidity,Cloudiness,Wind Speed,Current Description
0,Tiznit,MA,29.5833,-9.5,65.46,42,0,1.28,clear sky
1,Hermanus,ZA,-34.4187,19.2345,61.0,84,12,8.21,few clouds
2,New Norfolk,AU,-42.7826,147.0587,55.99,61,99,1.57,overcast clouds
3,Rikitea,PF,-23.1203,-134.9692,79.34,75,39,14.18,scattered clouds
4,Krasnorechenskiy,RU,44.6265,135.3532,-9.6,85,11,3.91,few clouds
5,Cabo San Lucas,MX,22.8909,-109.9124,77.0,48,85,4.0,overcast clouds
6,Kahului,US,20.8947,-156.47,78.8,65,40,25.32,scattered clouds
7,Long Xuyen,VN,10.3833,105.4167,73.4,100,40,2.3,scattered clouds
8,Busselton,AU,-33.65,115.3333,48.99,90,0,9.42,clear sky
9,Tuatapere,NZ,-46.1333,167.6833,50.0,90,100,15.01,light rain
10,Ust-Koksa,RU,50.2696,85.6108,8.47,89,81,1.36,broken clouds
11,Vaini,TO,-21.2,-175.2,73.4,100,90,10.36,moderate rain
12,Pombas,CV,17.1503,-25.0201,71.6,78,20,20.71,few clouds
13,Virginia Beach,US,36.8529,-75.978,46.99,74,76,3.0,broken clouds
14,Port Alfred,ZA,-33.5906,26.891,64.99,94,28,19.1,light rain
15,Igarka,RU,67.4667,86.5833,-28.77,76,67,5.79,broken clouds
16,Hithadhoo,MV,-0.6,73.0833,80.92,80,81,16.98,heavy intensity rain
17,Ushuaia,AR,-54.8,-68.3,42.8,81,75,26.46,drizzle
18,Meulaboh,ID,4.1363,96.1285,75.74,86,100,5.5,overcast clouds
19,Upernavik,GL,72.7868,-56.1549,-2.16,91,100,4.03,overcast clouds
20,Lebu,CL,-37.6167,-73.65,61.23,70,100,11.77,overcast clouds
21,Jamestown,US,42.097,-79.2353,24.01,79,90,8.63,overcast clouds
22,Airai,TL,-8.9266,125.4092,62.01,100,100,3.22,overcast clouds
23,Hilo,US,19.7297,-155.09,71.6,88,90,9.22,heavy intensity rain
24,Bahia Blanca,AR,-38.7196,-62.2724,79.09,34,76,12.48,broken clouds
25,Saint-Philippe,RE,-21.3585,55.7679,78.8,69,0,4.61,clear sky
26,Goundam,ML,16.4145,-3.6708,73.83,15,0,10.49,clear sky
27,Carnarvon,AU,-24.8667,113.6333,71.6,83,0,17.27,clear sky
28,Sao Filipe,CV,14.8961,-24.4956,75.04,69,0,5.35,clear sky
29,Nikolskoye,RU,59.7035,30.7861,33.8,93,90,4.47,light snow
30,Isilkul,RU,54.9109,71.2728,14.74,97,50,9.57,scattered clouds
31,Olafsvik,IS,64.8945,-23.7142,30.58,87,90,17.52,overcast clouds
32,Arys,KZ,42.4252,68.795,26.6,93,0,2.24,fog
33,Constitucion,CL,-35.3333,-72.4167,65.17,55,67,22.82,broken clouds
34,Atuona,PF,-9.8,-139.0333,78.35,78,1,15.57,clear sky
35,Pisco,PE,-13.7,-76.2167,77.0,61,0,11.5,clear sky
36,Camacha,PT,33.0833,-16.3333,60.8,100,40,12.66,scattered clouds
37,Khatanga,RU,71.9667,102.5,-30.1,80,0,7.16,clear sky
38,Laramie,US,41.3114,-105.5911,33.01,29,1,25.32,clear sky
39,Dikson,RU,73.5069,80.5464,-21.03,86,100,10.56,overcast clouds
40,Ponta Delgada,PT,37.7333,-25.6667,64.0,94,40,17.27,scattered clouds
41,Kasane,BW,-17.8167,25.15,67.33,97,100,3.98,overcast clouds
42,Mataura,NZ,-46.1927,168.8643,50.0,90,90,15.01,light rain
43,Hobart,AU,-42.8794,147.3294,55.99,47,75,5.75,broken clouds
44,Longyearbyen,SJ,78.2186,15.6401,8.6,61,20,16.11,few clouds
45,Batemans Bay,AU,-35.7167,150.1833,62.01,93,96,3.0,overcast clouds
46,Provideniya,RU,64.3833,-173.3,6.8,92,90,29.08,snow
47,Weligama,LK,5.9667,80.4167,74.03,81,71,2.59,broken clouds
48,Tiksi,RU,71.6872,128.8694,-39.03,82,89,2.66,overcast clouds
49,Pangai,TO,-19.8,-174.35,77.0,94,90,11.5,moderate rain
50,Saint George,US,37.1041,-113.5841,43.0,52,90,16.11,overcast clouds
51,Muros,ES,42.7762,-9.0603,59.0,92,100,7.0,overcast clouds
52,Acapulco,MX,16.8634,-99.8901,84.2,70,75,5.75,broken clouds
53,Mount Gambier,AU,-37.8333,140.7667,59.0,88,11,8.05,few clouds
54,Barrow,US,71.2906,-156.7887,-11.2,70,75,6.91,broken clouds
55,Bredasdorp,ZA,-34.5322,20.0403,57.2,67,96,3.44,overcast clouds
56,Sao Lourenco Do Sul,BR,-31.3653,-51.9783,73.4,88,40,6.91,scattered clouds
57,Albany,US,42.6001,-73.9662,30.0,62,81,8.99,broken clouds
58,Lagoa,PT,39.05,-27.9833,60.37,83,95,30.29,overcast clouds
59,Ilulissat,GL,69.2167,-51.1,8.6,56,20,3.44,few clouds
60,Richards Bay,ZA,-28.783,32.0377,73.17,94,100,10.33,moderate rain
61,Punta Arenas,CL,-53.15,-70.9167,48.2,61,75,21.85,broken clouds
62,Avarua,CK,-21.2078,-159.775,87.8,66,40,17.27,scattered clouds
63,Bethel,US,41.3712,-73.414,33.01,79,93,1.01,overcast clouds
64,Qaanaaq,GL,77.484,-69.3632,-15.74,65,0,8.37,clear sky
65,Georgetown,MY,5.4112,100.3354,78.01,94,40,2.3,scattered clouds
66,Inzer,RU,54.2167,57.5556,21.52,94,100,4.79,overcast clouds
67,Hamilton,US,39.1834,-84.5333,34.0,69,90,8.05,overcast clouds
68,Butaritari,KI,3.0707,172.7902,80.56,79,95,10.42,light rain
69,Lamu,KE,-2.2717,40.902,78.8,83,1,9.22,haze
70,Talnakh,RU,69.4865,88.3972,-25.11,83,99,4.07,overcast clouds
71,Cape Town,ZA,-33.9258,18.4232,66.99,72,0,17.27,clear sky
72,Kieta,PG,-6.2167,155.6333,81.9,79,96,8.23,overcast clouds
73,Castro,BR,-24.7911,-50.0119,71.29,88,100,7.16,moderate rain
74,Erzin,TR,36.9559,36.2,63.0,52,96,37.0,overcast clouds
75,Omboue,GA,-1.5746,9.2618,76.5,88,98,2.73,overcast clouds
76,Broome,US,42.2506,-75.833,28.0,86,90,6.91,light snow
77,Lavrentiya,RU,65.5833,-171.0,-2.22,88,98,14.5,overcast clouds
78,Kapaa,US,22.0752,-159.319,77.0,83,90,18.41,overcast clouds
79,Kavieng,PG,-2.5744,150.7967,83.14,77,86,11.61,overcast clouds
80,San Francisco Del Mar,MX,16.2333,-94.65,84.97,58,11,12.37,few clouds
81,General Roca,AR,-39.0333,-67.5833,75.2,27,0,8.05,clear sky
82,Comodoro Rivadavia,AR,-45.8667,-67.5,60.8,59,40,10.36,scattered clouds
83,Middelburg,ZA,-25.7751,29.4648,65.61,85,99,7.18,overcast clouds
84,Chuy,UY,-33.6971,-53.4616,76.68,77,3,12.62,clear sky
85,Pangoa,PE,-12.1167,-73.0,76.15,88,98,1.63,overcast clouds
86,Kruisfontein,ZA,-34.0033,24.7314,64.99,82,100,7.56,light rain
87,Vestmannaeyjar,IS,63.4427,-20.2734,34.99,85,67,30.74,broken clouds
88,Rojhan,PK,28.6868,69.9534,48.13,46,0,2.75,clear sky
89,Arraial Do Cabo,BR,-22.9661,-42.0278,84.2,65,0,26.46,clear sky
90,Misratah,LY,32.3754,15.0925,56.01,67,93,16.98,overcast clouds
91,Jega,NG,12.2175,4.3792,78.39,16,14,10.02,few clouds
92,Bluff,NZ,-46.6,168.3333,50.0,90,100,15.01,overcast clouds
93,Zhuhai,CN,22.2769,113.5678,64.99,88,0,4.61,clear sky
94,Klaksvik,FO,62.2266,-6.589,32.0,80,56,10.36,broken clouds
95,Assare,BR,-6.8744,-39.875,84.56,44,87,4.59,overcast clouds
96,Russell,US,32.3502,-85.1999,62.6,67,90,9.22,overcast clouds
97,Henties Bay,NA,-22.116,14.2845,68.0,84,26,4.79,scattered clouds
98,Marfino,RU,55.7028,37.3822,33.8,74,75,4.47,light snow
99,Port Lincoln,AU,-34.7333,135.8667,66.22,78,79,9.55,broken clouds
100,Nouakchott,MR,18.0858,-15.9785,77.0,6,0,9.22,clear sky
101,Najran,SA,17.4924,44.1277,57.2,38,0,2.33,clear sky
102,Sahuaripa,MX,29.05,-109.2333,66.42,25,92,6.2,overcast clouds
103,Cherskiy,RU,68.75,161.3,-22.86,85,100,3.27,overcast clouds
104,Alyangula,AU,-13.8483,136.4192,82.4,83,75,5.75,broken clouds
105,Bafq,IR,31.6128,55.4107,47.14,40,0,4.07,clear sky
106,Tanabe,JP,33.7333,135.3667,45.48,61,35,6.73,scattered clouds
107,Thinadhoo,MV,0.5333,72.9333,81.52,75,56,16.89,moderate rain
108,Mar Del Plata,AR,-38.0023,-57.5575,69.8,52,0,12.66,clear sky
109,Northam,GB,51.0333,-4.2167,51.01,98,100,8.01,overcast clouds
110,Clyde River,CA,70.4692,-68.5914,-13.0,77,40,2.3,scattered clouds
111,Bambous Virieux,MU,-20.3428,57.7575,78.01,83,40,4.61,scattered clouds
112,Chokurdakh,RU,70.6333,147.9167,-15.45,88,100,14.18,overcast clouds
113,Saskylakh,RU,71.9167,114.0833,-41.51,80,89,1.48,overcast clouds
114,Grand Gaube,MU,-20.0064,57.6608,78.01,81,0,1.99,clear sky
115,Fort Wellington,GY,6.4,-57.6,78.82,77,82,12.88,broken clouds
116,Ancud,CL,-41.8697,-73.8203,62.6,63,20,13.8,few clouds
117,Yellowknife,CA,62.456,-114.3525,-9.0,70,90,2.3,light snow
118,Hammerfest,NO,70.6634,23.6821,21.2,68,20,14.97,few clouds
119,Narsaq,GL,60.9167,-46.05,37.4,32,75,32.21,broken clouds
120,Tecpan,GT,14.7623,-90.9947,82.0,44,20,11.5,few clouds
121,Tuktoyaktuk,CA,69.4541,-133.0374,-23.8,76,20,4.61,few clouds
122,Gamba,GA,-2.65,10.0,77.22,89,100,3.8,overcast clouds
123,Tongchuan,CN,35.0806,109.0897,28.49,69,0,3.83,clear sky
124,Paris,FR,48.8534,2.3488,46.99,100,90,8.05,light rain
125,Faanui,PF,-16.4833,-151.75,81.5,72,64,14.45,broken clouds
126,Ballina,AU,-28.8667,153.5667,75.2,83,40,8.05,scattered clouds
127,Shelburne,CA,44.0787,-80.2041,21.99,79,90,10.36,light snow
128,Mbandaka,CD,0.0487,18.2603,72.54,89,95,3.89,overcast clouds
129,Korgen,NO,66.0771,13.8153,26.6,63,75,10.36,broken clouds
130,Puerto Ayora,EC,-0.7393,-90.3518,86.0,62,40,16.11,scattered clouds
131,Mankono,CI,8.0586,-6.1897,79.27,25,8,3.38,clear sky
132,Paka,MY,4.6374,103.4368,78.8,89,100,4.61,overcast clouds
133,Totness,SR,5.8833,-56.3167,79.11,76,12,13.4,few clouds
134,Berlevag,NO,70.8578,29.0864,24.8,63,75,24.16,snow
135,Limon,CR,10.0,-83.0333,84.2,70,75,10.36,broken clouds
136,Brae,GB,60.3964,-1.353,32.0,86,20,8.05,few clouds
137,Port Hueneme,US,34.1478,-119.1951,57.2,66,90,14.97,overcast clouds
138,Kodiak,US,57.79,-152.4072,32.0,80,90,1.45,overcast clouds
139,Birao,CF,10.2849,22.7882,78.01,17,89,6.17,overcast clouds
140,Aulla,IT,44.2146,9.9678,45.0,62,100,3.85,overcast clouds
141,Rylsk,RU,51.5655,34.6822,31.48,98,100,11.74,snow
142,Thompson,CA,55.7435,-97.8558,-13.0,84,75,3.44,broken clouds
143,Upington,ZA,-28.4478,21.2561,80.6,32,4,19.57,clear sky
144,Kosa,RU,59.9445,54.9977,27.03,98,100,11.7,light snow
145,Pangnirtung,CA,66.1451,-65.7125,-4.0,77,1,2.3,clear sky
146,Nimbahera,IN,24.6167,74.6833,50.45,46,0,5.17,clear sky
147,Zhigansk,RU,66.7697,123.3711,-47.81,76,56,7.02,broken clouds
148,East London,ZA,-33.0153,27.9116,69.75,80,94,13.96,light rain
149,Touros,BR,-5.1989,-35.4608,82.4,69,20,13.8,few clouds
150,Haines Junction,CA,60.7522,-137.5108,-18.4,63,73,1.14,broken clouds
151,Upata,VE,8.0086,-62.3989,82.0,69,100,5.01,overcast clouds
152,Pucallpa,PE,-8.3791,-74.5539,89.6,55,40,9.22,scattered clouds
153,Kununurra,AU,-15.7667,128.7333,77.0,100,75,5.75,broken clouds
154,Paramonga,PE,-10.6667,-77.8333,75.4,70,91,9.82,overcast clouds
155,Araquari,BR,-26.3703,-48.7211,77.0,88,75,27.63,heavy intensity rain
156,Port-Gentil,GA,-0.7193,8.7815,77.0,94,20,7.83,light rain
157,Uige,AO,-7.6087,15.0613,66.67,86,99,1.9,overcast clouds
158,Iqaluit,CA,63.7506,-68.5145,-2.0,78,1,13.8,snow
159,Vostok,RU,46.4856,135.8833,-13.47,89,73,4.7,broken clouds
160,Vicksburg,US,32.3526,-90.8779,57.2,71,75,14.97,broken clouds
161,Chilca,PE,-12.5211,-76.7372,77.0,65,0,9.22,clear sky
162,Fort Nelson,CA,58.8053,-122.7002,-5.8,59,20,8.05,few clouds
163,Banjar,ID,-8.19,114.9675,80.6,83,40,12.66,scattered clouds
164,Arman,RU,59.7,150.1667,-15.52,79,0,10.54,clear sky
165,Saint Paul,US,44.9444,-93.0933,16.0,48,90,5.75,overcast clouds
166,Hohhot,CN,40.8106,111.6522,3.2,43,40,4.47,scattered clouds
167,Turukhansk,RU,65.8167,87.9833,-30.19,81,100,4.63,overcast clouds
168,Veracruz,MX,19.3333,-96.6667,82.99,55,23,21.99,few clouds
169,Ribeira Grande,PT,38.5167,-28.7,60.8,88,75,24.16,broken clouds
170,Saint Anthony,US,45.0205,-93.218,16.0,52,90,5.75,overcast clouds
171,Oakley,US,37.9974,-121.7124,48.0,89,100,7.0,overcast clouds
172,Khandyga,RU,62.6667,135.6,-53.9,73,78,0.92,broken clouds
173,Port Elizabeth,ZA,-33.918,25.5701,66.2,77,90,9.22,overcast clouds
174,Nurota,UZ,40.5614,65.6886,32.0,74,0,6.91,mist
175,Necochea,AR,-38.5473,-58.7368,71.01,46,6,5.99,clear sky
176,Quatre Cocos,MU,-20.2078,57.7625,78.01,83,40,4.61,scattered clouds
177,Beba,CU,22.4437,-79.7253,87.8,40,40,2.3,scattered clouds
178,Venustiano Carranza,MX,19.43,-99.0992,77.0,18,40,9.22,scattered clouds
179,Iskateley,RU,67.6803,53.1512,-6.02,91,100,17.36,light snow
180,Pochutla,MX,15.7432,-96.4661,90.0,50,0,8.99,clear sky
181,Kaitangata,NZ,-46.2817,169.8464,53.01,69,65,18.99,broken clouds
182,Ajdabiya,LY,30.7554,20.2263,57.02,54,99,9.82,overcast clouds
183,Itoman,JP,26.1247,127.6694,62.6,67,75,13.8,broken clouds
184,Yulara,AU,-25.2406,130.9889,75.2,73,97,9.22,overcast clouds
185,Lompoc,US,34.6391,-120.4579,51.8,87,90,17.27,moderate rain
186,Esso,RU,55.9333,158.7,2.26,84,12,5.03,few clouds
187,Padang,ID,-0.9492,100.3543,73.4,94,75,2.3,heavy intensity rain
188,Tura,IN,25.5198,90.2201,56.5,66,0,2.75,clear sky
189,Cockburn Town,TC,21.4612,-71.1419,80.6,54,40,10.36,scattered clouds
190,Dir,PK,35.2058,71.8756,34.75,58,90,10.38,overcast clouds
191,Juneau,US,58.3019,-134.4197,21.2,35,20,16.11,few clouds
192,Severo-Kurilsk,RU,50.6789,156.125,26.71,95,100,14.0,overcast clouds
193,Tigil,RU,57.8,158.6667,-3.44,93,100,3.49,overcast clouds
194,Andilamena,MG,-17.0167,48.5833,66.49,96,36,4.03,scattered clouds
195,Gat,IL,31.61,34.7642,57.99,61,87,5.88,overcast clouds
196,Borogontsy,RU,62.6683,131.1683,-49.68,76,98,2.44,overcast clouds
197,Faya,SA,18.3851,42.4509,57.2,35,0,6.91,clear sky
198,Bengkulu,ID,-3.8004,102.2655,74.53,92,100,6.67,moderate rain
199,Zaozerne,UA,45.1582,33.2787,49.21,78,100,24.27,overcast clouds
200,Sobolevo,RU,54.4299,31.8996,25.47,98,100,4.36,overcast clouds
201,Terrace,CA,54.5163,-128.6035,26.6,68,75,18.41,broken clouds
202,Hambantota,LK,6.1241,81.1185,74.3,78,56,12.5,broken clouds
203,Okhotsk,RU,59.3833,143.3,-13.07,79,71,10.92,broken clouds
204,Le Port,RE,-20.9373,55.2919,73.4,83,40,8.05,scattered clouds
205,Makakilo City,US,21.3469,-158.0858,80.6,57,1,9.22,clear sky
206,Komsomolskiy,UZ,40.4272,71.7189,30.2,64,0,6.91,clear sky
207,San Cristobal,VE,7.7669,-72.225,87.8,51,40,6.91,scattered clouds
208,Davenda,RU,53.5556,119.317,-22.16,83,100,2.95,overcast clouds
209,Vao,NC,-22.6667,167.4833,78.17,85,100,20.67,overcast clouds
210,Belmonte,BR,-15.8631,-38.8828,80.6,65,20,8.05,few clouds
211,Boa Esperanca,BR,-21.09,-45.5658,76.89,75,54,5.44,broken clouds
212,Korhogo,CI,9.45,-5.6333,77.76,17,0,2.59,clear sky
213,Husavik,IS,66.0449,-17.3389,19.4,86,75,8.25,broken clouds
214,Plavinas,LV,56.6178,25.7255,30.33,98,96,6.73,overcast clouds
215,Hirara,JP,24.8,125.2833,63.57,75,92,16.17,overcast clouds
216,Uyuni,BO,-20.4597,-66.825,59.63,29,0,14.07,clear sky
217,Shugurovo,RU,54.5083,52.1326,21.54,95,100,15.7,overcast clouds
218,Kiama,AU,-34.6833,150.8667,69.01,79,92,1.99,overcast clouds
219,Natal,BR,-5.795,-35.2094,82.4,74,20,17.27,few clouds
220,Lunavada,IN,23.1333,73.6167,56.08,37,0,9.1,clear sky
221,Harper,LR,4.375,-7.7169,78.8,84,3,7.36,clear sky
222,Sinnamary,GF,5.3833,-52.95,78.42,78,15,11.5,few clouds
223,Waingapu,ID,-9.6567,120.2641,77.56,82,100,9.26,overcast clouds
224,Greenwood,US,34.1668,-82.1165,60.01,82,90,8.05,overcast clouds
225,Lianran,CN,24.9227,102.485,46.0,80,0,11.18,clear sky
226,La Ronge,CA,55.1001,-105.2842,-0.4,65,31,6.91,scattered clouds
227,Torbay,CA,47.6666,-52.7314,30.0,86,75,9.22,broken clouds
228,Aklavik,CA,68.2191,-135.0107,-13.0,77,100,3.44,overcast clouds
229,Maxixe,MZ,-23.8597,35.3472,82.4,83,20,5.75,few clouds
230,Woodward,US,36.4337,-99.3904,34.0,51,1,5.75,clear sky
231,Minot,US,48.2325,-101.2963,8.01,78,90,11.5,overcast clouds
232,Bathurst,AU,-33.4166,149.5806,63.0,77,49,3.0,scattered clouds
233,Katsuura,JP,35.1333,140.3,45.0,65,75,9.22,broken clouds
234,Kokopo,PG,-4.352,152.2633,80.29,80,100,6.17,overcast clouds
235,Littleton,US,39.6133,-105.0166,42.8,22,20,0.58,few clouds
236,Salalah,OM,17.0151,54.0924,71.6,73,0,3.44,clear sky
237,Chicama,PE,-7.8447,-79.1469,73.4,78,40,10.36,scattered clouds
238,San Roque,ES,36.2107,-5.3842,62.6,88,89,13.8,overcast clouds
239,Gushikawa,JP,26.3544,127.8686,62.6,67,75,13.8,broken clouds
240,Taltal,CL,-25.4,-70.4833,72.36,60,22,8.88,few clouds
241,Utica,US,43.1009,-75.2327,30.99,79,99,1.01,overcast clouds
242,Matara,LK,5.9485,80.5353,73.38,82,66,1.95,broken clouds
243,Murgab,TM,37.4966,61.9714,33.8,75,0,9.1,clear sky
244,Kovdor,RU,67.5662,30.4758,7.93,95,100,4.97,overcast clouds
245,Victoria,HK,22.2855,114.1577,63.0,85,0,1.01,clear sky
246,La Rioja,ES,42.25,-2.5,53.6,87,0,4.61,clear sky
247,Umm Kaddadah,SD,13.6017,26.6876,72.88,18,44,13.98,scattered clouds
248,Phuket,TH,8.0,98.25,84.99,94,20,1.14,few clouds
249,Ponta Do Sol,PT,32.6667,-17.1,64.4,88,75,6.91,broken clouds
250,Ambanja,MG,-13.6833,48.45,75.0,89,14,2.84,few clouds
251,Sitka,US,57.0531,-135.33,28.4,40,1,3.44,clear sky
252,Nkan,GA,0.3833,9.7833,78.8,94,20,0.69,light rain
253,Dinan,FR,48.4167,-2.25,53.6,100,90,10.36,overcast clouds
254,Hualmay,PE,-11.0964,-77.6139,75.58,68,94,10.83,overcast clouds
255,Matay,EG,28.419,30.7792,54.36,73,0,12.57,clear sky
256,Nome,US,64.5011,-165.4064,8.6,72,1,6.91,clear sky
257,Tazovskiy,RU,67.4667,78.7,-37.59,82,6,4.68,clear sky
258,Qasigiannguit,GL,68.8193,-51.1922,8.6,56,20,3.44,few clouds
259,Ucluelet,CA,48.9329,-125.5528,41.0,87,75,8.05,light rain
260,Vila Franca Do Campo,PT,37.7167,-25.4333,64.0,94,40,17.27,scattered clouds
261,Puerto Baquerizo Moreno,EC,-0.9,-89.6,84.2,79,75,14.97,broken clouds
262,Ratnagiri,IN,16.9833,73.3,71.98,66,0,5.88,clear sky
263,Keti Bandar,PK,24.1447,67.4497,63.07,62,0,10.45,clear sky
264,Huarmey,PE,-10.0681,-78.1522,75.54,68,100,10.16,overcast clouds
265,Buala,SB,-8.145,159.5921,82.9,77,84,11.61,broken clouds
266,Carberry,CA,49.8689,-99.3602,-5.8,59,40,10.36,scattered clouds
267,Leningradskiy,RU,69.3833,178.4167,-17.14,87,100,3.76,overcast clouds
268,Nabire,ID,-3.3667,135.4833,77.18,90,100,3.91,moderate rain
269,Porto Empedocle,IT,37.2934,13.5264,45.0,77,100,1.54,overcast clouds
270,Sangin,AF,32.0728,64.8359,41.54,52,0,0.78,clear sky
271,Vila Velha,BR,-20.3297,-40.2925,82.99,69,40,20.71,scattered clouds
272,Kamenka,RU,51.3223,42.7678,33.01,96,100,14.94,overcast clouds
273,Tacuarembo,UY,-31.7333,-55.9833,85.66,50,0,4.9,clear sky
274,Nizwa,OM,22.9333,57.5333,54.07,67,0,0.94,clear sky
275,Te Anau,NZ,-45.4167,167.7167,47.91,79,71,2.64,broken clouds
276,Bojnurd,IR,37.4747,57.329,24.8,80,0,7.85,clear sky
277,Lokoja,NG,7.8024,6.743,83.5,17,100,1.21,overcast clouds
278,Morro Bay,US,35.3658,-120.8499,52.0,96,100,5.99,moderate rain
279,Anadyr,RU,64.75,177.4833,12.2,85,40,40.26,snow
280,Mount Isa,AU,-20.7333,139.5,78.8,73,40,4.61,scattered clouds
281,Hinton,CA,53.4001,-117.5857,6.8,61,100,9.22,overcast clouds
282,Manacapuru,BR,-3.2997,-60.6206,86.0,74,75,6.91,broken clouds
283,Arvika,SE,59.6553,12.5852,17.6,100,75,2.3,broken clouds
284,Itarema,BR,-2.9248,-39.9167,80.94,74,0,14.92,clear sky
285,Caravelas,BR,-17.7125,-39.2481,78.03,75,100,5.75,overcast clouds
286,Mahina,PF,-17.5065,-149.489,84.2,70,75,3.44,light rain
287,Los Llanos De Aridane,ES,28.6585,-17.9182,66.2,77,75,8.05,broken clouds
288,Yorosso,ML,12.3536,-4.7761,75.94,16,0,9.24,clear sky
289,Nara,JP,34.6851,135.8049,39.99,81,20,2.3,few clouds
290,Anloga,GH,5.7947,0.8973,84.2,79,39,11.5,scattered clouds
291,Jinchang,CN,38.4953,102.1739,19.31,71,0,3.29,clear sky
292,Kosikha,RU,53.3617,84.5822,19.4,86,75,13.42,light snow
293,Souillac,MU,-20.5167,57.5167,75.2,83,40,4.61,scattered clouds
294,Tasiilaq,GL,65.6145,-37.6368,21.2,49,90,27.63,light snow
295,Beira,MZ,-19.8436,34.8389,80.6,89,20,5.75,few clouds
296,Axim,GH,4.8699,-2.2405,78.85,86,38,8.88,scattered clouds
297,Mmabatho,ZA,-25.85,25.6333,70.14,81,100,4.88,moderate rain
298,Alofi,NU,-19.0595,-169.9187,78.8,89,75,9.22,broken clouds
299,Xai-Xai,MZ,-25.0519,33.6442,79.05,84,77,10.78,broken clouds
300,Singaraja,ID,-8.112,115.0882,78.85,75,100,5.19,overcast clouds
301,Alpena,US,45.0617,-83.4327,19.99,68,90,11.5,overcast clouds
302,Torres,BR,-29.3353,-49.7269,77.85,81,100,6.85,overcast clouds
303,Tual,ID,-5.6667,132.75,83.68,77,99,17.2,overcast clouds
304,Capoterra,IT,39.1763,8.9718,55.0,100,20,12.66,few clouds
305,Calvinia,ZA,-31.4707,19.776,66.74,45,0,5.03,clear sky
306,Cayenne,GF,4.9333,-52.3333,80.6,74,40,6.91,scattered clouds
307,Utete,TZ,-7.986,38.758,73.44,96,0,2.51,clear sky
308,San Quintin,MX,30.4833,-115.95,58.78,47,68,10.31,broken clouds
309,Nizhniy Tsasuchey,RU,50.5167,115.1333,-15.81,82,28,9.71,scattered clouds
310,Ndola,ZM,-12.9587,28.6366,66.99,92,88,1.99,overcast clouds
311,Caiaponia,BR,-16.9567,-51.8103,78.44,76,87,5.73,light rain
312,Port Hedland,AU,-20.3167,118.5667,80.6,78,1,8.05,clear sky
313,San Patricio,US,28.017,-97.5169,73.4,20,1,16.11,clear sky
314,Peniche,PT,39.3558,-9.3811,57.99,95,100,8.99,overcast clouds
315,Valle De San Juan,CO,4.1987,-75.1173,85.73,51,6,2.46,clear sky
316,Japura,ID,-0.3167,102.35,72.27,96,100,0.67,overcast clouds
317,Maun,BW,-19.9833,23.4167,71.1,89,100,4.16,moderate rain
318,Grenfell,AU,-33.9,148.1667,69.01,66,89,13.0,overcast clouds
319,Adrar,MR,20.5022,-10.0711,69.46,21,0,9.78,clear sky
320,Tarko-Sale,RU,64.9225,77.785,-43.69,80,32,6.08,scattered clouds
321,Hervey Bay,AU,-25.2986,152.8535,75.0,87,33,3.0,scattered clouds
322,Atar,MR,20.5169,-13.0499,73.83,17,0,10.45,clear sky
323,Insar,RU,53.8653,44.3738,32.31,97,100,17.76,snow
324,Baoying,CN,33.2292,119.3092,46.0,99,34,15.14,scattered clouds
325,Churapcha,RU,62.0025,132.4325,-47.31,75,100,3.06,overcast clouds
326,Ixtapa,MX,20.7,-105.2,83.61,38,21,7.25,few clouds
327,Wenatchee,US,47.4235,-120.3103,37.0,93,90,3.44,overcast clouds
328,Chapais,CA,49.7834,-74.8492,21.2,79,90,6.91,light snow
329,Porto Velho,BR,-8.7619,-63.9039,77.0,94,90,3.44,light rain
330,Kologriv,RU,58.8275,44.3178,25.79,97,100,6.46,overcast clouds
331,Samana,DO,19.2056,-69.3369,82.4,69,20,11.5,few clouds
332,Ukwa,IN,21.9667,80.4667,57.58,71,0,2.73,clear sky
333,Griffith,US,41.5284,-87.4237,28.99,74,90,4.61,overcast clouds
334,Escanaba,US,45.7453,-87.0646,19.0,57,75,10.36,broken clouds
335,Ketchikan,US,55.3422,-131.6461,32.0,69,20,8.05,few clouds
336,Esmeraldas,BR,-19.7625,-44.3139,86.0,39,40,8.05,scattered clouds
337,Bukama,CD,-9.2,25.85,69.89,91,99,3.36,light rain
338,Okato,NZ,-39.2,173.8833,63.0,94,67,7.58,broken clouds
339,Great Yarmouth,GB,52.6083,1.7305,41.0,93,40,1.14,fog
340,Acolla,PE,-11.7319,-75.5463,60.06,54,96,3.2,overcast clouds
341,Bentong,MY,3.5181,101.9079,79.0,82,100,1.1,overcast clouds
342,Prince Rupert,CA,54.3161,-130.3201,33.8,80,75,2.3,broken clouds
343,Dryden,CA,49.7833,-92.7503,-2.2,60,1,2.3,clear sky
344,Sao Felix Do Xingu,BR,-6.6447,-51.995,79.95,87,82,2.53,broken clouds
345,Egvekinot,RU,66.3167,-179.1667,-14.64,87,100,21.43,overcast clouds
346,Great Falls,US,47.5002,-111.3008,35.01,40,90,10.36,overcast clouds
347,Baghdad,IQ,33.3406,44.4009,59.0,36,40,10.36,scattered clouds
348,Dingle,PH,10.9995,122.6711,74.8,90,100,7.31,overcast clouds
349,Saint-Louis,SN,16.3333,-15.0,79.47,12,0,9.95,clear sky
350,Ostrovnoy,RU,68.0531,39.5131,10.24,94,100,21.05,light snow
351,Otane,NZ,-39.8833,176.6333,63.0,79,6,11.99,clear sky
352,Alta Floresta,BR,-9.8756,-56.0861,89.6,55,40,3.44,scattered clouds
353,Pevek,RU,69.7008,170.3133,-24.05,87,100,3.78,overcast clouds
354,Lavras,BR,-21.2453,-44.9997,74.52,82,88,5.5,overcast clouds
355,Valday,RU,57.9747,33.2525,24.08,99,55,4.05,broken clouds
356,Klyuchi,RU,52.2667,79.1667,22.87,98,100,7.56,overcast clouds
357,Mandera,KE,3.9366,41.867,84.72,32,0,12.77,clear sky
358,Vardo,NO,70.3705,31.1107,24.8,86,75,23.02,snow
359,Dom Pedrito,BR,-30.9828,-54.6731,82.45,55,63,9.35,broken clouds
360,Paragominas,BR,-2.9667,-47.4833,78.03,92,89,4.54,overcast clouds
361,Yar-Sale,RU,66.8333,70.8333,-39.41,80,85,4.61,overcast clouds
362,Avera,US,33.194,-82.5271,59.0,100,90,10.36,overcast clouds
363,Lodja,CD,-3.4833,23.4333,70.93,92,100,2.75,overcast clouds
364,Ilebo,CD,-4.3167,20.5833,71.6,95,100,1.83,overcast clouds
365,Volksrust,ZA,-27.3654,29.8818,60.69,95,100,3.78,light rain
366,Phangnga,TH,8.4509,98.5298,75.2,94,20,1.14,few clouds
367,Savonlinna,FI,61.8699,28.88,32.0,100,90,4.61,overcast clouds
368,Ewo,CG,-0.8725,14.8206,74.52,86,80,3.44,light rain
369,Vorotynets,RU,56.0603,45.8633,31.96,97,100,17.05,snow
370,Kutum,SD,14.2,24.6667,64.6,23,86,13.0,overcast clouds
371,Tongzi,CN,28.7829,105.0877,46.71,77,3,0.27,clear sky
372,Matagami,CA,49.7502,-77.6328,5.0,92,90,12.66,light snow
373,Olinda,BR,-8.0089,-34.8553,80.6,65,75,12.66,broken clouds
374,Luderitz,NA,-26.6481,15.1594,67.62,62,0,28.52,clear sky
375,Kwinana,AU,-32.25,115.7667,62.01,55,0,10.36,clear sky
376,Zhangye,CN,38.9342,100.4517,19.58,72,0,5.97,clear sky
377,Fallon,US,39.4735,-118.7774,39.2,60,75,29.93,broken clouds
378,Tignere,CM,7.3667,12.65,70.3,23,0,2.46,clear sky
379,Tongren,CN,27.7172,109.1853,39.65,86,10,1.74,clear sky
380,Palmer,US,42.1584,-72.3287,34.0,85,96,1.99,overcast clouds
381,Malinyi,TZ,-8.9333,36.1333,72.72,89,43,0.83,scattered clouds
382,Brigantine,US,39.4101,-74.3646,37.4,60,90,16.11,overcast clouds
383,Konongo,GH,6.6167,-1.2167,79.92,56,21,5.48,few clouds
384,Mujiayingzi,CN,42.1167,118.7833,-4.7,80,0,13.94,clear sky
385,Mahajanga,MG,-15.7167,46.3167,80.6,83,20,2.3,moderate rain
386,Patrocinio,BR,-18.9439,-46.9925,86.0,45,20,6.91,few clouds
387,Chernyshevskiy,RU,63.0128,112.4714,-46.1,81,42,0.74,scattered clouds
388,Chimbote,PE,-9.0853,-78.5783,75.18,68,92,12.12,overcast clouds
389,Corn Island,NI,12.1694,-83.0418,80.85,76,19,18.32,few clouds
390,Ugoofaaru,MV,5.6667,73.0,80.58,68,48,10.76,scattered clouds
391,Rijeka,HR,45.3431,14.4092,41.0,56,0,8.05,clear sky
392,Ipaba,BR,-19.4136,-42.4194,78.49,71,8,2.28,clear sky
393,Hasaki,JP,35.7333,140.8333,37.0,80,75,6.91,broken clouds
394,Saint John,CA,45.2727,-66.0677,34.0,60,75,12.66,broken clouds
395,Dalby,AU,-27.1833,151.2667,69.8,88,40,9.22,scattered clouds
396,Nanortalik,GL,60.1432,-45.2371,25.48,90,100,3.13,overcast clouds
397,Aqtobe,KZ,50.2797,57.2072,6.8,85,0,6.71,clear sky
398,Pozo Colorado,PY,-23.4923,-58.7972,86.59,63,60,7.16,broken clouds
399,Lebanon,US,36.2081,-86.2911,42.01,70,40,10.36,scattered clouds
400,Honiara,SB,-9.4333,159.95,81.09,79,100,9.37,overcast clouds
401,Mackay,AU,-21.15,149.2,78.8,78,75,12.66,broken clouds
402,Nuuk,GL,64.1835,-51.7216,23.0,50,1,14.97,clear sky
403,Caluquembe,AO,-13.7833,14.6833,60.35,75,100,5.88,overcast clouds
404,North Branch,US,45.5113,-92.9802,12.0,61,57,3.0,broken clouds
405,Del Rio,US,29.3627,-100.8968,64.4,19,1,5.75,clear sky
406,Pijijiapan,MX,15.7011,-93.23,91.11,40,23,9.82,few clouds
407,Peleduy,RU,59.6289,112.7406,-40.34,78,35,2.39,scattered clouds
408,Kristinehamn,SE,59.3098,14.1081,23.0,100,75,2.3,broken clouds
409,Muzhi,RU,65.3667,64.6667,-19.89,88,100,8.25,light snow
410,Englehart,CA,47.8169,-79.8664,6.8,72,90,10.36,overcast clouds
411,Cascais,PT,38.6979,-9.4215,59.0,88,100,3.0,overcast clouds
412,Biak,ID,-0.9131,122.8766,77.13,73,98,4.74,overcast clouds
413,Edgewater,US,28.9889,-80.9023,80.6,61,40,11.5,scattered clouds
414,Ca Mau,VN,9.1769,105.15,74.71,85,100,8.21,overcast clouds
415,Gidam,IN,18.9833,81.4,64.6,80,32,1.48,scattered clouds
416,Savona,IT,44.3,8.2667,48.0,99,51,4.72,broken clouds
417,Puerto Penasco,MX,31.3167,-113.5333,62.01,33,86,3.0,overcast clouds
418,Mlonggo,ID,-6.5333,110.7,78.01,89,100,11.05,overcast clouds
419,Petropavlovsk-Kamchatskiy,RU,53.0452,158.6483,6.8,72,0,8.95,clear sky
420,Duldurga,RU,50.6761,113.5931,-20.81,81,0,4.7,clear sky
421,Qaqortoq,GL,60.7167,-46.0333,37.4,32,75,32.21,broken clouds
422,Batagay,RU,67.6333,134.6333,-49.0,75,53,0.72,broken clouds
423,Zhigalovo,RU,54.8097,105.1578,-20.94,82,100,3.47,overcast clouds
424,Elizabethton,US,36.3487,-82.2107,59.0,38,1,3.87,clear sky
425,Tyukhtet,RU,56.5389,89.3011,-12.84,89,100,6.35,overcast clouds
426,Zdvinsk,RU,54.7021,78.661,23.65,98,92,7.58,overcast clouds
427,Savannah Bight,HN,16.45,-85.85,86.0,62,20,2.3,few clouds
428,Mittagong,AU,-34.45,150.45,69.01,84,93,1.99,overcast clouds
429,Magistralnyy,RU,56.1725,107.4458,-31.02,81,100,4.0,overcast clouds
430,Abonnema,NG,4.7084,6.7931,82.4,78,40,3.44,scattered clouds
431,Isangel,VU,-19.55,169.2667,82.38,78,84,17.49,broken clouds
432,Filadelfia,US,39.9523,-75.1638,37.4,56,90,9.22,overcast clouds
433,Nigde,TR,37.8333,34.75,29.98,98,66,14.14,snow
434,Khasan,RU,42.4308,130.6434,21.13,96,100,14.9,light snow
435,Vitim,RU,59.4511,112.5578,-39.6,78,27,2.3,scattered clouds
436,Lubao,PH,14.9167,120.55,75.2,83,75,2.3,broken clouds
437,Coruripe,BR,-10.1256,-36.1756,78.57,78,12,10.51,few clouds
438,Viedma,AR,-40.8135,-62.9967,63.0,81,100,11.14,moderate rain
439,Guerrero,MX,17.6667,-100.0,85.19,34,31,2.13,scattered clouds
440,Ossora,RU,59.2353,163.0719,-0.47,85,100,9.44,overcast clouds
441,Merritt Island,US,28.5392,-80.672,84.2,51,40,11.5,scattered clouds
442,Toora-Khem,RU,52.4675,96.11,-0.47,90,100,2.44,overcast clouds
443,Srednekolymsk,RU,67.45,153.6833,-25.6,85,100,12.06,light snow
444,Cristinapolis,BR,-11.4756,-37.7553,76.64,76,95,8.05,overcast clouds
445,Bilibino,RU,68.0546,166.4372,-10.52,84,100,6.2,overcast clouds
446,Portmore,JM,17.9702,-76.8672,84.99,70,20,21.85,light rain
447,Korla,CN,41.7597,86.1469,20.39,83,0,2.89,clear sky
448,Kushima,JP,31.4583,131.2333,44.01,93,2,4.0,clear sky
449,Chara,RU,56.9064,118.2631,-30.82,76,100,0.67,overcast clouds
450,Kirakira,SB,-10.4544,161.9205,82.72,79,96,10.42,overcast clouds
451,Saint-Pierre,RE,-21.3393,55.4781,78.8,69,0,4.61,clear sky
452,Havre-Saint-Pierre,CA,50.2334,-63.5986,23.0,58,90,6.91,overcast clouds
453,Montrose,US,38.4166,-108.2673,30.99,54,8,1.99,clear sky
454,Cidreira,BR,-30.1811,-50.2056,73.29,95,100,7.67,heavy intensity rain
455,Koumac,NC,-20.5667,164.2833,79.99,74,95,8.99,overcast clouds
456,Aksarka,RU,66.5606,67.7975,-28.25,84,100,4.65,overcast clouds
457,Okha,RU,53.5739,142.9478,11.07,96,100,16.4,light snow
458,Jatiroto,ID,-7.8833,111.1167,72.97,88,100,1.25,overcast clouds
459,Codrington,AU,-38.2667,141.9667,60.28,81,50,12.62,scattered clouds
460,Leh,IN,34.1667,77.5833,0.54,57,1,1.74,clear sky
461,Terney,RU,45.0503,136.6092,3.74,85,0,8.28,clear sky
462,Bogashevo,RU,56.3683,85.1447,-2.2,78,20,6.71,few clouds
463,Galveston,US,29.3669,-94.9669,68.0,32,1,23.02,clear sky
464,Kyren,RU,51.6828,102.1408,-3.55,79,83,2.57,broken clouds
465,Kargala,RU,56.6208,83.9607,-9.26,89,100,3.67,overcast clouds
466,Mitsamiouli,KM,-11.3847,43.2844,82.08,68,4,7.05,clear sky
467,Fortuna,US,40.5982,-124.1573,48.0,87,75,19.57,light rain
468,Gweta,BW,-20.1833,25.2333,74.52,77,52,7.47,broken clouds
469,Esperance,AU,-33.8667,121.9,60.8,94,90,5.75,overcast clouds
470,Ahipara,NZ,-35.1667,173.1667,69.69,74,56,5.28,broken clouds
471,Omsukchan,RU,62.5333,155.8,-33.54,79,100,5.41,overcast clouds
472,Rewari,IN,28.1833,76.6167,50.0,93,0,1.63,fog
473,Kang,BW,-23.6752,22.7876,78.44,45,100,4.16,overcast clouds
474,Machilipatnam,IN,16.1667,81.1333,72.66,82,0,6.51,clear sky
475,Soyo,AO,-6.1349,12.3689,78.98,84,100,4.52,overcast clouds
476,Saiki,JP,32.95,131.9,44.31,80,6,8.5,clear sky
477,Silvino Lobos,PH,12.3,124.8333,73.24,95,100,3.96,overcast clouds
478,Norman Wells,CA,65.282,-126.8329,-25.6,75,75,4.45,broken clouds
479,Abu Dhabi,AE,24.4667,54.3667,66.2,82,0,2.3,clear sky
480,Ulladulla,AU,-35.35,150.4667,66.99,100,75,5.75,broken clouds
481,Guerrero Negro,MX,27.9769,-114.0611,63.75,36,100,7.18,overcast clouds
482,Grindavik,IS,63.8424,-22.4338,32.0,55,0,21.85,clear sky
483,Seda,LV,57.65,25.75,30.99,97,100,1.99,overcast clouds
484,San Juan,AR,-31.5375,-68.5364,97.84,18,4,16.06,clear sky
485,Feni,BD,23.0186,91.41,56.61,51,0,5.88,clear sky
486,Talcahuano,CL,-36.7167,-73.1167,66.2,63,0,19.57,clear sky
487,Ullapool,GB,57.8987,-5.1604,30.0,94,91,8.41,overcast clouds
488,Qandala,SO,11.472,49.8728,73.62,61,2,5.39,clear sky
489,Pingliang,CN,35.5392,106.6861,23.92,78,35,1.28,scattered clouds
490,Zarubino,RU,42.63,131.0922,18.5,92,100,13.87,overcast clouds
491,Sakakah,SA,29.9697,40.2064,62.6,36,40,4.61,scattered clouds
492,Espanola,US,35.9911,-106.0806,34.0,40,1,8.05,clear sky
493,Bismarck,US,46.8083,-100.7837,19.4,63,90,13.8,overcast clouds
494,Ulaangom,MN,49.9811,92.0667,-14.44,87,94,1.34,overcast clouds
495,Tiarei,PF,-17.5333,-149.3333,84.2,70,75,3.44,light rain
496,Mandiana,GN,10.6333,-8.6833,76.96,18,0,3.49,clear sky
497,Coahuayana,MX,18.7333,-103.6833,85.37,52,13,7.14,few clouds
498,College,US,64.8569,-147.8028,-2.99,69,75,1.72,broken clouds
499,Krasnoselkup,RU,65.7,82.4667,-39.24,82,17,3.69,few clouds
500,Aosta,IT,45.7667,7.4167,36.0,85,100,5.99,light snow
501,Yerbogachen,RU,61.2767,108.0108,-40.14,80,58,5.66,broken clouds
502,Mahebourg,MU,-20.4081,57.7,75.2,83,40,4.61,scattered clouds
503,Novikovo,RU,51.1537,37.8879,36.57,92,100,12.3,light rain
504,Fort-Shevchenko,KZ,44.5086,50.263,36.21,79,94,32.57,overcast clouds
505,The Valley,AI,18.217,-63.0578,82.4,65,40,14.97,scattered clouds
506,Mwene-Ditu,CD,-7.0,23.45,66.22,95,100,4.32,overcast clouds
507,Lorengau,PG,-2.0226,147.2712,82.15,79,100,7.67,overcast clouds
508,Rio Branco,BR,-9.9747,-67.81,77.0,100,75,4.61,broken clouds
509,Kirby,US,29.4633,-98.3856,66.2,18,75,10.36,broken clouds
510,Coos Bay,US,43.3665,-124.2179,44.01,87,90,11.1,overcast clouds
511,Atambua,ID,-9.1061,124.8925,74.75,88,100,3.47,overcast clouds
512,Emet,TR,39.343,29.2585,26.44,96,100,7.52,light snow
513,Praya,CV,14.9215,-23.5087,75.2,53,0,16.11,clear sky
514,Socha,CO,5.9976,-72.6928,65.17,47,94,5.84,overcast clouds
515,Portland,US,45.5234,-122.6762,44.01,87,75,3.44,light rain
516,Capaccio,IT,40.4244,15.0809,41.0,65,100,4.29,overcast clouds
517,Fairbanks,US,64.8378,-147.7164,-2.99,69,75,1.74,broken clouds
518,Ust-Tsilma,RU,65.441,52.1498,2.73,93,100,5.61,light snow
519,Wahiawa,US,21.5028,-158.0236,80.6,57,1,9.22,clear sky
520,Picui,BR,-6.5106,-36.3469,81.91,55,99,19.39,moderate rain
521,Stolin,BY,51.8912,26.846,27.1,99,100,6.64,overcast clouds
522,Luanda,AO,-8.8368,13.2343,80.6,78,20,9.22,few clouds
523,Iranshahr,IR,27.2025,60.6848,50.0,12,0,6.91,clear sky
524,Dodoma,TZ,-6.1722,35.7395,66.63,84,3,5.73,clear sky
525,Flin Flon,CA,54.7682,-101.865,-7.6,84,20,4.61,few clouds
526,Abidjan,CI,5.3094,-4.0197,82.4,89,20,5.75,few clouds
527,Sonoita,MX,31.85,-112.8333,57.0,34,34,5.93,scattered clouds
528,Coquimbo,CL,-29.9533,-71.3436,66.2,68,20,16.11,few clouds
529,Yeppoon,AU,-23.1333,150.7333,75.2,83,15,5.75,few clouds
530,Bafra,TR,41.5678,35.9069,64.4,20,75,11.5,broken clouds
531,Pavilosta,LV,56.8879,21.1859,33.8,74,75,4.61,broken clouds
532,Geraldton,AU,-28.7667,114.6,62.6,72,0,8.05,clear sky
533,San Rafael Del Sur,NI,11.8485,-86.4384,93.2,40,20,16.11,few clouds
534,Opuwo,NA,-18.0607,13.84,71.85,64,100,3.6,light rain
535,Kushmurun,KZ,52.4503,64.6311,17.1,96,91,11.01,overcast clouds
536,Shingu,JP,33.7333,135.9833,51.28,70,77,7.85,broken clouds
537,Rivarolo Canavese,IT,45.3312,7.717,39.0,60,0,3.44,clear sky
538,Amapa,BR,1.0,-52.0,73.44,96,100,4.76,overcast clouds
539,Sfantu Gheorghe,RO,45.8667,25.7833,26.01,84,100,1.99,overcast clouds
540,Lata,PT,40.1629,-8.3327,57.99,93,99,0.51,overcast clouds
541,Taveta,KE,-3.3963,37.6736,72.73,59,0,7.25,clear sky
542,Deqing,CN,30.5448,119.9599,45.0,95,86,7.0,overcast clouds
543,Gorontalo,ID,0.5412,123.0595,74.91,86,98,4.18,overcast clouds
544,Banda Aceh,ID,5.5577,95.3222,77.5,82,44,3.8,scattered clouds
545,Caruray,PH,10.3094,119.0128,77.86,82,100,4.7,overcast clouds
546,Amuntai,ID,-2.4177,115.2494,72.34,98,81,0.51,broken clouds
547,Inirida,CO,3.8653,-67.9239,85.91,65,63,4.29,broken clouds
548,Bontang,ID,0.1333,117.5,75.85,91,100,7.87,overcast clouds
549,Lavumisa,SZ,-27.31,31.892,82.4,78,100,3.44,overcast clouds
550,Ciudad Guayana,VE,8.3533,-62.6528,82.0,69,98,5.01,overcast clouds
551,Grand-Lahou,CI,5.1367,-5.0242,79.11,86,2,9.31,clear sky
552,Barreirinha,BR,-2.7933,-57.07,85.21,70,95,2.46,overcast clouds
553,Waddan,LY,29.1614,16.139,50.04,50,0,4.68,clear sky
554,Hofn,IS,64.2539,-15.2082,25.77,89,1,14.12,clear sky
555,Lethem,GY,3.3803,-59.7968,88.79,46,57,13.06,broken clouds
556,Asau,RO,46.4333,26.4,32.0,42,100,5.5,overcast clouds
557,Killarney,IE,52.05,-9.5167,53.6,94,90,8.05,overcast clouds
558,Sabang,ID,5.8933,95.3214,81.18,74,88,6.31,overcast clouds
559,Ngorongoro,TZ,-3.2397,35.4875,50.68,89,1,3.29,clear sky
560,Halifax,CA,44.6453,-63.5724,35.6,64,20,11.5,few clouds
561,Xuddur,SO,4.1213,43.8894,73.36,67,0,15.57,clear sky
562,Itacoatiara,BR,-3.1431,-58.4442,84.36,76,90,1.57,overcast clouds
563,Santarem,BR,-2.4431,-54.7083,84.2,74,40,3.44,scattered clouds
564,Jiwani,PK,25.05,61.7417,64.89,68,0,5.48,clear sky
565,Carauari,BR,-4.8828,-66.8958,83.19,81,85,2.15,overcast clouds
566,Hope,US,33.6671,-93.5916,53.01,43,13,14.0,few clouds
